{".env":[".env"],"assets/fonts/retrogaming/Retro%20Gaming.ttf":["assets/fonts/retrogaming/Retro%20Gaming.ttf"],"assets/images/fundo.jpg":["assets/images/fundo.jpg"],"assets/images/leaderboard.png":["assets/images/leaderboard.png"],"assets/images/logo%20(1).png":["assets/images/logo%20(1).png"],"assets/images/logo.svg":["assets/images/logo.svg"],"assets/images/logomega.png":["assets/images/logomega.png"],"assets/images/mega-coin.gif":["assets/images/mega-coin.gif"],"assets/images/megacoins.png":["assets/images/megacoins.png"],"assets/images/player.png":["assets/images/player.png"],"packages/awesome_snackbar_content/assets/back.svg":["packages/awesome_snackbar_content/assets/back.svg"],"packages/awesome_snackbar_content/assets/bubbles.svg":["packages/awesome_snackbar_content/assets/bubbles.svg"],"packages/awesome_snackbar_content/assets/types/failure.svg":["packages/awesome_snackbar_content/assets/types/failure.svg"],"packages/awesome_snackbar_content/assets/types/help.svg":["packages/awesome_snackbar_content/assets/types/help.svg"],"packages/awesome_snackbar_content/assets/types/success.svg":["packages/awesome_snackbar_content/assets/types/success.svg"],"packages/awesome_snackbar_content/assets/types/warning.svg":["packages/awesome_snackbar_content/assets/types/warning.svg"],"packages/cupertino_icons/assets/CupertinoIcons.ttf":["packages/cupertino_icons/assets/CupertinoIcons.ttf"]}